date,sales,price,promotion,temperature,holiday,day_of_week,month,week_of_year,trend
2025-01-01,89.3,10.08,0,3.1,1,2,1,1,100.0
2025-01-02,117.17,8.7,1,2.04,0,3,1,1,100.13736263736264
2025-01-03,95.25,10.07,0,1.33,0,4,1,1,100.27472527472527
2025-01-04,114.66,9.61,0,2.76,0,5,1,1,100.41208791208791
2025-01-05,112.8,10.34,0,4.16,0,6,1,1,100.54945054945055
2025-01-06,80.67,9.94,0,1.51,0,0,1,2,100.68681318681318
2025-01-07,90.95,10.08,0,1.24,0,1,1,2,100.82417582417582
2025-01-08,114.89,10.16,1,1.83,0,2,1,2,100.96153846153847
2025-01-09,76.07,9.45,0,4.51,0,3,1,2,101.0989010989011
2025-01-10,93.01,10.69,0,5.57,0,4,1,2,101.23626373626374
2025-01-11,101.55,8.67,0,3.45,0,5,1,2,101.37362637362638
2025-01-12,147.34,8.06,1,3.95,0,6,1,2,101.51098901098901
2025-01-13,81.49,9.38,0,1.6,0,0,1,3,101.64835164835165
2025-01-14,98.53,9.41,0,4.68,0,1,1,3,101.78571428571429
2025-01-15,74.08,10.1,0,4.11,0,2,1,3,101.92307692307692
2025-01-16,87.27,10.14,0,1.66,0,3,1,3,102.06043956043956
2025-01-17,107.58,9.87,0,-0.42,0,4,1,3,102.1978021978022
2025-01-18,116.56,9.93,0,0.8,0,5,1,3,102.33516483516483
2025-01-19,110.32,10.26,0,1.99,0,6,1,3,102.47252747252747
2025-01-20,73.08,10.42,0,5.74,0,0,1,4,102.60989010989012
2025-01-21,96.09,9.34,0,6.61,0,1,1,4,102.74725274725274
2025-01-22,94.18,9.82,0,2.71,0,2,1,4,102.88461538461539
2025-01-23,95.93,9.97,0,2.87,0,3,1,4,103.02197802197803
2025-01-24,96.64,10.24,0,4.31,0,4,1,4,103.15934065934066
2025-01-25,118.8,9.61,0,3.91,0,5,1,4,103.2967032967033
2025-01-26,104.72,9.96,0,5.85,0,6,1,4,103.43406593406593
2025-01-27,70.69,10.01,0,3.04,0,0,1,5,103.57142857142857
2025-01-28,85.47,9.65,0,6.1,0,1,1,5,103.70879120879121
2025-01-29,87.53,9.64,0,3.83,0,2,1,5,103.84615384615384
2025-01-30,102.08,10.05,0,6.12,0,3,1,5,103.98351648351648
2025-01-31,85.2,9.93,0,3.99,0,4,1,5,104.12087912087912
2025-02-01,121.78,10.25,0,3.42,0,5,2,5,104.25824175824175
2025-02-02,101.21,9.47,0,8.59,0,6,2,5,104.3956043956044
2025-02-03,110.75,8.84,1,7.01,0,0,2,6,104.53296703296704
2025-02-04,113.74,8.9,1,1.42,0,1,2,6,104.67032967032966
2025-02-05,90.91,10.41,0,4.24,0,2,2,6,104.8076923076923
2025-02-06,103.01,9.53,0,7.67,0,3,2,6,104.94505494505495
2025-02-07,96.38,10.12,0,2.99,0,4,2,6,105.08241758241758
2025-02-08,129.86,10.13,0,7.06,0,5,2,6,105.21978021978022
2025-02-09,105.8,10.82,0,6.98,0,6,2,6,105.35714285714286
2025-02-10,74.9,9.5,0,4.38,0,0,2,7,105.49450549450549
2025-02-11,87.23,9.67,0,5.9,0,1,2,7,105.63186813186813
2025-02-12,75.68,9.53,0,1.87,0,2,2,7,105.76923076923077
2025-02-13,123.83,8.25,1,9.73,0,3,2,7,105.9065934065934
2025-02-14,105.24,10.88,0,5.71,0,4,2,7,106.04395604395604
2025-02-15,131.98,9.38,0,8.08,0,5,2,7,106.18131868131869
2025-02-16,117.68,9.59,0,7.85,0,6,2,7,106.31868131868131
2025-02-17,77.01,10.66,0,9.48,0,0,2,8,106.45604395604396
2025-02-18,83.51,9.12,0,6.05,0,1,2,8,106.5934065934066
2025-02-19,97.45,10.38,0,7.47,0,2,2,8,106.73076923076923
2025-02-20,129.67,8.36,1,8.33,0,3,2,8,106.86813186813187
2025-02-21,118.07,10.62,0,9.11,0,4,2,8,107.00549450549451
2025-02-22,163.73,8.02,1,9.83,0,5,2,8,107.14285714285714
2025-02-23,141.16,8.21,1,6.72,0,6,2,8,107.28021978021978
2025-02-24,91.84,9.73,0,6.5,0,0,2,9,107.41758241758242
2025-02-25,124.18,9.44,1,10.71,0,1,2,9,107.55494505494505
2025-02-26,91.7,9.98,0,4.07,0,2,2,9,107.6923076923077
2025-02-27,102.24,9.83,0,11.44,0,3,2,9,107.82967032967034
2025-02-28,106.65,10.67,0,7.86,0,4,2,9,107.96703296703296
2025-03-01,128.02,11.08,0,8.62,0,5,3,9,108.1043956043956
2025-03-02,122.38,10.34,0,7.42,0,6,3,9,108.24175824175825
2025-03-03,90.09,9.69,0,8.85,0,0,3,10,108.37912087912088
2025-03-04,96.79,9.79,0,11.66,0,1,3,10,108.51648351648352
2025-03-05,92.88,9.36,0,10.82,0,2,3,10,108.65384615384616
2025-03-06,105.1,10.05,0,10.43,0,3,3,10,108.79120879120879
2025-03-07,121.01,9.19,0,9.79,0,4,3,10,108.92857142857143
2025-03-08,128.9,10.28,0,6.89,0,5,3,10,109.06593406593407
2025-03-09,123.15,11.0,0,8.26,0,6,3,10,109.2032967032967
2025-03-10,97.55,10.36,0,9.43,0,0,3,11,109.34065934065934
2025-03-11,127.0,8.79,1,11.2,0,1,3,11,109.47802197802199
2025-03-12,100.98,10.26,0,10.6,0,2,3,11,109.61538461538461
2025-03-13,116.24,10.81,0,12.59,0,3,3,11,109.75274725274726
2025-03-14,101.65,10.79,0,11.75,0,4,3,11,109.8901098901099
2025-03-15,158.29,9.5,0,11.08,0,5,3,11,110.02747252747253
2025-03-16,117.19,10.26,0,15.69,0,6,3,11,110.16483516483517
2025-03-17,100.51,9.92,0,12.12,0,0,3,12,110.30219780219781
2025-03-18,92.06,10.4,0,10.62,0,1,3,12,110.43956043956044
2025-03-19,108.1,10.19,0,15.38,0,2,3,12,110.57692307692308
2025-03-20,110.71,8.82,0,14.23,0,3,3,12,110.71428571428572
2025-03-21,114.29,9.83,0,15.63,0,4,3,12,110.85164835164835
2025-03-22,178.54,9.09,1,11.95,0,5,3,12,110.98901098901099
2025-03-23,123.93,9.28,0,14.3,0,6,3,12,111.12637362637363
2025-03-24,102.51,10.29,0,9.61,0,0,3,13,111.26373626373626
2025-03-25,93.1,9.24,0,14.26,0,1,3,13,111.4010989010989
2025-03-26,103.6,9.6,0,12.54,0,2,3,13,111.53846153846155
2025-03-27,125.47,10.67,0,10.32,0,3,3,13,111.67582417582418
2025-03-28,128.24,9.56,0,15.27,0,4,3,13,111.81318681318682
2025-03-29,139.6,10.29,0,9.75,0,5,3,13,111.95054945054945
2025-03-30,154.31,8.21,1,9.72,0,6,3,13,112.08791208791209
2025-03-31,99.52,11.04,0,14.44,0,0,3,14,112.22527472527473
2025-04-01,104.95,9.85,0,15.02,0,1,4,14,112.36263736263736
2025-04-02,110.47,10.05,0,15.99,0,2,4,14,112.5
2025-04-03,104.02,10.09,0,15.7,0,3,4,14,112.63736263736264
2025-04-04,129.4,10.3,0,17.34,0,4,4,14,112.77472527472527
2025-04-05,132.42,9.24,0,15.95,0,5,4,14,112.91208791208791
2025-04-06,143.06,10.0,0,14.45,0,6,4,14,113.04945054945055
2025-04-07,95.7,9.67,0,14.74,0,0,4,15,113.18681318681318
2025-04-08,106.63,9.16,0,14.48,0,1,4,15,113.32417582417582
2025-04-09,115.83,10.49,0,15.8,0,2,4,15,113.46153846153847
2025-04-10,111.58,9.82,0,13.18,0,3,4,15,113.5989010989011
2025-04-11,127.83,10.12,0,16.22,0,4,4,15,113.73626373626374
2025-04-12,153.82,10.09,0,15.52,0,5,4,15,113.87362637362638
2025-04-13,135.63,9.83,0,16.41,0,6,4,15,114.01098901098901
2025-04-14,105.58,10.99,0,16.57,0,0,4,16,114.14835164835165
2025-04-15,117.95,8.98,1,11.27,0,1,4,16,114.28571428571429
2025-04-16,101.23,9.22,0,14.53,0,2,4,16,114.42307692307692
2025-04-17,122.94,9.8,0,16.27,0,3,4,16,114.56043956043956
2025-04-18,149.65,10.25,0,16.52,1,4,4,16,114.6978021978022
2025-04-19,149.32,10.27,0,17.31,0,5,4,16,114.83516483516483
2025-04-20,137.3,9.46,0,17.54,0,6,4,16,114.97252747252747
2025-04-21,129.46,10.46,0,20.12,1,0,4,17,115.10989010989012
2025-04-22,103.94,9.12,0,17.86,0,1,4,17,115.24725274725274
2025-04-23,137.98,9.51,1,16.75,0,2,4,17,115.38461538461539
2025-04-24,107.29,9.34,0,14.33,0,3,4,17,115.52197802197803
2025-04-25,117.0,9.89,0,14.93,0,4,4,17,115.65934065934066
2025-04-26,167.78,9.48,1,18.88,0,5,4,17,115.7967032967033
2025-04-27,126.24,10.06,0,20.07,0,6,4,17,115.93406593406594
2025-04-28,116.88,10.41,0,21.17,0,0,4,18,116.07142857142857
2025-04-29,121.22,9.28,1,16.56,0,1,4,18,116.20879120879121
2025-04-30,108.1,10.64,0,17.75,0,2,4,18,116.34615384615384
2025-05-01,130.31,10.53,0,18.97,1,3,5,18,116.48351648351648
2025-05-02,163.56,8.8,1,22.71,0,4,5,18,116.62087912087912
2025-05-03,154.6,10.32,0,18.97,0,5,5,18,116.75824175824175
2025-05-04,135.55,9.24,0,21.97,0,6,5,18,116.8956043956044
2025-05-05,119.31,9.97,0,19.33,0,0,5,19,117.03296703296704
2025-05-06,125.46,10.41,0,21.42,0,1,5,19,117.17032967032966
2025-05-07,99.02,10.07,0,21.29,0,2,5,19,117.3076923076923
2025-05-08,148.68,9.2,1,19.69,0,3,5,19,117.44505494505495
2025-05-09,136.28,9.89,0,17.43,0,4,5,19,117.58241758241758
2025-05-10,163.52,10.56,0,19.04,0,5,5,19,117.71978021978022
2025-05-11,138.68,9.96,0,22.67,0,6,5,19,117.85714285714286
2025-05-12,111.35,9.77,0,21.56,0,0,5,20,117.99450549450549
2025-05-13,104.86,10.44,0,19.04,0,1,5,20,118.13186813186813
2025-05-14,105.71,9.3,0,19.33,0,2,5,20,118.26923076923077
2025-05-15,166.97,9.23,1,16.65,0,3,5,20,118.4065934065934
2025-05-16,122.33,9.48,0,23.1,0,4,5,20,118.54395604395604
2025-05-17,174.4,10.64,0,22.08,0,5,5,20,118.68131868131869
2025-05-18,149.27,9.87,0,20.13,0,6,5,20,118.81868131868131
2025-05-19,117.85,10.07,0,20.9,0,0,5,21,118.95604395604396
2025-05-20,148.41,9.19,1,16.25,0,1,5,21,119.0934065934066
2025-05-21,146.64,8.13,1,19.7,0,2,5,21,119.23076923076923
2025-05-22,128.47,9.67,0,23.43,0,3,5,21,119.36813186813187
2025-05-23,136.52,10.52,0,22.8,0,4,5,21,119.50549450549451
2025-05-24,161.46,10.43,0,21.58,0,5,5,21,119.64285714285714
2025-05-25,144.37,10.14,0,20.97,0,6,5,21,119.78021978021978
2025-05-26,105.72,9.33,0,22.66,0,0,5,22,119.91758241758242
2025-05-27,109.01,10.29,0,20.58,0,1,5,22,120.05494505494505
2025-05-28,112.02,10.36,0,17.88,0,2,5,22,120.1923076923077
2025-05-29,134.11,10.02,0,21.26,0,3,5,22,120.32967032967034
2025-05-30,134.2,10.61,0,22.14,0,4,5,22,120.46703296703296
2025-05-31,182.57,8.69,1,23.64,0,5,5,22,120.6043956043956
2025-06-01,153.14,9.75,0,18.57,0,6,6,22,120.74175824175825
2025-06-02,129.61,8.76,0,21.26,0,0,6,23,120.87912087912088
2025-06-03,126.43,10.46,0,21.41,0,1,6,23,121.01648351648352
2025-06-04,150.55,9.14,1,19.41,0,2,6,23,121.15384615384616
2025-06-05,118.3,9.16,0,22.63,0,3,6,23,121.29120879120879
2025-06-06,143.18,9.12,0,23.2,0,4,6,23,121.42857142857143
2025-06-07,162.84,9.56,0,21.16,0,5,6,23,121.56593406593407
2025-06-08,143.4,10.4,0,25.89,0,6,6,23,121.7032967032967
2025-06-09,122.84,9.85,0,21.17,0,0,6,24,121.84065934065934
2025-06-10,135.97,9.6,0,20.95,0,1,6,24,121.97802197802199
2025-06-11,127.07,9.5,0,20.92,0,2,6,24,122.11538461538461
2025-06-12,133.32,9.47,0,20.27,0,3,6,24,122.25274725274726
2025-06-13,137.9,9.03,0,20.8,0,4,6,24,122.3901098901099
2025-06-14,176.59,9.4,0,19.07,0,5,6,24,122.52747252747253
2025-06-15,151.75,9.46,0,21.58,0,6,6,24,122.66483516483517
2025-06-16,114.73,10.34,0,22.09,0,0,6,25,122.80219780219781
2025-06-17,122.66,9.92,0,17.42,0,1,6,25,122.93956043956044
2025-06-18,130.05,9.59,0,21.79,0,2,6,25,123.07692307692308
2025-06-19,134.19,11.15,0,22.08,0,3,6,25,123.21428571428572
2025-06-20,156.19,9.67,0,23.03,0,4,6,25,123.35164835164835
2025-06-21,169.78,10.58,0,24.41,0,5,6,25,123.48901098901099
2025-06-22,151.27,10.81,0,23.7,0,6,6,25,123.62637362637363
2025-06-23,123.51,9.22,0,20.75,0,0,6,26,123.76373626373626
2025-06-24,127.11,10.04,0,20.51,0,1,6,26,123.9010989010989
2025-06-25,116.89,9.74,0,23.13,0,2,6,26,124.03846153846155
2025-06-26,143.31,9.7,0,20.86,0,3,6,26,124.17582417582418
2025-06-27,145.28,10.28,0,19.48,0,4,6,26,124.31318681318682
2025-06-28,207.81,8.72,1,26.66,0,5,6,26,124.45054945054946
2025-06-29,160.75,9.75,0,21.27,0,6,6,26,124.58791208791209
2025-06-30,127.21,9.92,0,20.61,0,0,6,27,124.72527472527473
2025-07-01,120.75,9.81,0,17.45,0,1,7,27,124.86263736263737
2025-07-02,169.7,8.47,1,23.5,0,2,7,27,125.0
2025-07-03,167.58,9.36,1,19.78,0,3,7,27,125.13736263736264
2025-07-04,166.14,10.52,0,21.78,0,4,7,27,125.27472527472528
2025-07-05,165.82,10.17,0,23.62,0,5,7,27,125.41208791208791
2025-07-06,160.74,9.81,0,19.69,0,6,7,27,125.54945054945055
2025-07-07,118.17,9.65,0,21.75,0,0,7,28,125.6868131868132
2025-07-08,145.12,9.65,0,24.58,0,1,7,28,125.82417582417582
2025-07-09,121.73,11.18,0,16.57,0,2,7,28,125.96153846153847
2025-07-10,142.9,10.47,0,19.81,0,3,7,28,126.09890109890111
2025-07-11,185.05,8.62,1,19.56,0,4,7,28,126.23626373626374
2025-07-12,214.37,9.07,1,20.93,0,5,7,28,126.37362637362638
2025-07-13,163.66,9.82,0,21.15,0,6,7,28,126.51098901098902
2025-07-14,135.18,10.29,0,19.05,0,0,7,29,126.64835164835165
2025-07-15,141.29,10.27,0,19.8,0,1,7,29,126.78571428571429
2025-07-16,120.34,10.54,0,19.49,0,2,7,29,126.92307692307693
2025-07-17,176.85,8.62,1,20.26,0,3,7,29,127.06043956043956
2025-07-18,204.06,9.05,1,21.32,0,4,7,29,127.1978021978022
2025-07-19,161.6,9.13,0,22.62,0,5,7,29,127.33516483516483
2025-07-20,163.77,9.37,0,22.83,0,6,7,29,127.47252747252747
2025-07-21,126.32,10.44,0,21.94,0,0,7,30,127.60989010989012
2025-07-22,132.6,9.52,0,18.8,0,1,7,30,127.74725274725274
2025-07-23,160.87,8.62,1,20.45,0,2,7,30,127.88461538461539
2025-07-24,129.34,10.0,0,25.11,0,3,7,30,128.02197802197801
2025-07-25,139.77,10.35,0,22.29,0,4,7,30,128.15934065934067
2025-07-26,184.22,9.47,0,19.28,0,5,7,30,128.2967032967033
2025-07-27,171.3,8.26,0,23.23,0,6,7,30,128.43406593406593
2025-07-28,129.71,9.56,0,19.19,0,0,7,31,128.57142857142858
2025-07-29,125.98,10.6,0,18.52,0,1,7,31,128.7087912087912
2025-07-30,121.66,10.17,0,22.54,0,2,7,31,128.84615384615384
2025-07-31,146.39,10.66,0,17.02,0,3,7,31,128.9835164835165
2025-08-01,144.59,9.43,0,15.7,0,4,8,31,129.12087912087912
2025-08-02,168.81,9.18,0,21.29,0,5,8,31,129.25824175824175
2025-08-03,156.02,10.23,0,19.35,0,6,8,31,129.3956043956044
2025-08-04,124.33,10.12,0,19.43,0,0,8,32,129.53296703296704
2025-08-05,122.77,10.15,0,18.33,0,1,8,32,129.67032967032966
2025-08-06,133.45,10.47,0,18.46,0,2,8,32,129.80769230769232
2025-08-07,135.37,10.21,0,17.89,0,3,8,32,129.94505494505495
2025-08-08,160.15,10.2,0,17.43,0,4,8,32,130.08241758241758
2025-08-09,184.05,10.36,0,17.79,0,5,8,32,130.21978021978023
2025-08-10,162.77,10.25,0,17.59,0,6,8,32,130.35714285714286
2025-08-11,130.54,10.43,0,16.63,0,0,8,33,130.4945054945055
2025-08-12,146.74,10.5,0,17.06,0,1,8,33,130.63186813186815
2025-08-13,124.79,10.77,0,13.01,0,2,8,33,130.76923076923077
2025-08-14,131.51,9.68,0,19.25,0,3,8,33,130.9065934065934
2025-08-15,200.16,9.22,1,18.52,0,4,8,33,131.04395604395606
2025-08-16,192.67,9.81,0,17.43,0,5,8,33,131.1813186813187
2025-08-17,201.79,8.62,1,17.93,0,6,8,33,131.3186813186813
2025-08-18,141.59,9.66,0,17.85,0,0,8,34,131.45604395604397
2025-08-19,131.52,10.25,0,15.71,0,1,8,34,131.5934065934066
2025-08-20,129.71,10.21,0,15.95,0,2,8,34,131.73076923076923
2025-08-21,134.49,10.2,0,17.92,0,3,8,34,131.86813186813188
2025-08-22,161.86,9.89,0,17.13,0,4,8,34,132.0054945054945
2025-08-23,171.07,10.0,0,20.65,0,5,8,34,132.14285714285714
2025-08-24,164.94,10.41,0,19.64,0,6,8,34,132.2802197802198
2025-08-25,141.38,9.26,0,18.12,0,0,8,35,132.41758241758242
2025-08-26,129.25,10.01,0,14.57,0,1,8,35,132.55494505494505
2025-08-27,146.65,10.04,0,14.81,0,2,8,35,132.69230769230768
2025-08-28,133.74,10.38,0,13.77,0,3,8,35,132.82967032967034
2025-08-29,193.18,8.39,1,16.18,0,4,8,35,132.96703296703296
2025-08-30,213.36,9.67,1,9.97,0,5,8,35,133.10439560439562
2025-08-31,207.44,9.1,1,14.38,0,6,8,35,133.24175824175825
2025-09-01,128.68,10.13,0,14.52,0,0,9,36,133.37912087912088
2025-09-02,125.89,9.8,0,11.92,0,1,9,36,133.5164835164835
2025-09-03,171.7,9.24,1,16.4,0,2,9,36,133.65384615384616
2025-09-04,130.47,10.02,0,12.36,0,3,9,36,133.7912087912088
2025-09-05,189.64,9.54,1,15.01,0,4,9,36,133.92857142857144
2025-09-06,209.45,8.35,1,19.87,0,5,9,36,134.06593406593407
2025-09-07,199.67,9.08,1,10.91,0,6,9,36,134.2032967032967
2025-09-08,127.35,10.2,0,13.67,0,0,9,37,134.34065934065933
2025-09-09,130.85,9.91,0,12.98,0,1,9,37,134.47802197802199
2025-09-10,154.49,8.82,1,12.42,0,2,9,37,134.6153846153846
2025-09-11,130.33,9.82,0,14.98,0,3,9,37,134.75274725274727
2025-09-12,145.71,10.09,0,15.5,0,4,9,37,134.8901098901099
2025-09-13,170.25,9.1,0,14.66,0,5,9,37,135.02747252747253
2025-09-14,198.88,9.43,1,11.5,0,6,9,37,135.16483516483515
2025-09-15,129.87,9.76,0,17.64,0,0,9,38,135.3021978021978
2025-09-16,120.31,10.06,0,9.06,0,1,9,38,135.43956043956044
2025-09-17,118.57,10.18,0,10.36,0,2,9,38,135.5769230769231
2025-09-18,155.67,9.74,0,12.6,0,3,9,38,135.71428571428572
2025-09-19,181.48,8.94,1,12.26,0,4,9,38,135.85164835164835
2025-09-20,180.08,8.98,0,12.89,0,5,9,38,135.98901098901098
2025-09-21,159.93,10.37,0,14.9,0,6,9,38,136.12637362637363
2025-09-22,158.37,9.49,1,11.33,0,0,9,39,136.26373626373626
2025-09-23,127.99,9.15,0,11.63,0,1,9,39,136.40109890109892
2025-09-24,129.23,9.8,0,10.04,0,2,9,39,136.53846153846155
2025-09-25,143.12,9.39,0,12.23,0,3,9,39,136.67582417582418
2025-09-26,150.0,9.91,0,10.25,0,4,9,39,136.8131868131868
2025-09-27,183.94,10.32,0,10.07,0,5,9,39,136.95054945054946
2025-09-28,165.35,10.49,0,11.63,0,6,9,39,137.0879120879121
2025-09-29,130.77,10.56,0,12.44,0,0,9,40,137.22527472527474
2025-09-30,157.07,9.59,1,5.79,0,1,9,40,137.36263736263737
2025-10-01,169.55,8.9,1,10.75,0,2,10,40,137.5
2025-10-02,135.02,9.43,0,9.32,0,3,10,40,137.63736263736263
2025-10-03,180.18,9.94,0,11.59,1,4,10,40,137.77472527472528
2025-10-04,172.72,10.32,0,9.03,0,5,10,40,137.9120879120879
2025-10-05,177.2,9.39,0,11.97,0,6,10,40,138.04945054945057
2025-10-06,130.99,10.83,0,7.84,0,0,10,41,138.1868131868132
2025-10-07,134.99,10.45,0,4.57,0,1,10,41,138.32417582417582
2025-10-08,170.84,8.91,1,10.97,0,2,10,41,138.46153846153845
2025-10-09,147.11,9.64,0,7.02,0,3,10,41,138.5989010989011
2025-10-10,179.96,9.67,0,5.38,0,4,10,41,138.73626373626374
2025-10-11,179.87,10.04,0,8.41,0,5,10,41,138.8736263736264
2025-10-12,162.65,9.89,0,7.74,0,6,10,41,139.01098901098902
2025-10-13,135.73,10.48,0,9.71,0,0,10,42,139.14835164835165
2025-10-14,114.34,9.83,0,9.69,0,1,10,42,139.28571428571428
2025-10-15,139.59,10.25,0,7.94,0,2,10,42,139.42307692307693
2025-10-16,143.56,9.99,0,5.83,0,3,10,42,139.56043956043956
2025-10-17,153.41,10.13,0,8.01,0,4,10,42,139.69780219780222
2025-10-18,187.6,9.88,0,7.62,0,5,10,42,139.83516483516485
2025-10-19,169.45,10.35,0,8.28,0,6,10,42,139.97252747252747
2025-10-20,117.98,10.36,0,5.24,0,0,10,43,140.1098901098901
2025-10-21,130.31,10.23,0,6.04,0,1,10,43,140.24725274725276
2025-10-22,116.93,10.3,0,7.71,0,2,10,43,140.3846153846154
2025-10-23,149.89,9.53,0,9.04,0,3,10,43,140.52197802197801
2025-10-24,164.73,10.16,0,8.34,0,4,10,43,140.65934065934067
2025-10-25,178.45,10.62,0,6.43,0,5,10,43,140.7967032967033
2025-10-26,174.5,10.25,0,5.15,0,6,10,43,140.93406593406593
2025-10-27,123.05,9.48,0,6.79,0,0,10,44,141.07142857142858
2025-10-28,128.68,9.98,0,3.66,0,1,10,44,141.2087912087912
2025-10-29,144.33,10.19,0,4.08,0,2,10,44,141.34615384615384
2025-10-30,143.05,9.62,0,8.6,0,3,10,44,141.4835164835165
2025-10-31,163.07,9.32,0,6.25,0,4,10,44,141.62087912087912
2025-11-01,199.27,9.84,0,4.62,0,5,11,44,141.75824175824175
2025-11-02,231.28,8.67,1,6.85,0,6,11,44,141.8956043956044
2025-11-03,144.07,9.99,0,7.64,0,0,11,45,142.03296703296704
2025-11-04,144.76,9.2,0,4.05,0,1,11,45,142.17032967032966
2025-11-05,157.89,10.28,0,3.97,0,2,11,45,142.30769230769232
2025-11-06,158.79,9.68,0,3.6,0,3,11,45,142.44505494505495
2025-11-07,180.49,10.5,0,6.52,0,4,11,45,142.58241758241758
2025-11-08,199.33,9.86,0,6.42,0,5,11,45,142.71978021978023
2025-11-09,176.65,9.99,0,7.13,0,6,11,45,142.85714285714286
2025-11-10,192.3,8.92,1,6.27,0,0,11,46,142.9945054945055
2025-11-11,155.43,9.66,0,0.88,0,1,11,46,143.13186813186815
2025-11-12,174.83,11.24,0,4.6,0,2,11,46,143.26923076923077
2025-11-13,156.57,9.75,0,1.82,0,3,11,46,143.4065934065934
2025-11-14,179.91,10.51,0,2.81,0,4,11,46,143.54395604395606
2025-11-15,205.51,9.45,0,4.08,0,5,11,46,143.6813186813187
2025-11-16,198.12,10.19,0,5.31,0,6,11,46,143.8186813186813
2025-11-17,144.94,10.24,0,1.77,0,0,11,47,143.95604395604397
2025-11-18,143.08,9.99,0,-1.19,0,1,11,47,144.0934065934066
2025-11-19,167.23,9.71,0,3.73,0,2,11,47,144.23076923076923
2025-11-20,163.49,9.87,0,8.57,0,3,11,47,144.36813186813185
2025-11-21,235.53,8.82,1,2.79,0,4,11,47,144.5054945054945
2025-11-22,214.02,11.2,0,3.21,0,5,11,47,144.64285714285714
2025-11-23,191.23,9.99,0,6.61,0,6,11,47,144.7802197802198
2025-11-24,148.6,10.26,0,4.15,0,0,11,48,144.91758241758242
2025-11-25,150.34,10.89,0,3.33,0,1,11,48,145.05494505494505
2025-11-26,158.5,9.56,0,3.71,0,2,11,48,145.19230769230768
2025-11-27,174.03,10.02,0,3.26,0,3,11,48,145.32967032967034
2025-11-28,177.64,9.87,0,0.41,0,4,11,48,145.46703296703296
2025-11-29,210.18,9.96,0,-0.05,0,5,11,48,145.60439560439562
2025-11-30,183.79,9.91,0,6.35,0,6,11,48,145.74175824175825
2025-12-01,162.73,9.63,0,2.88,0,0,12,49,145.87912087912088
2025-12-02,174.39,10.1,0,2.66,0,1,12,49,146.0164835164835
2025-12-03,209.94,8.52,1,2.23,0,2,12,49,146.15384615384616
2025-12-04,206.66,10.49,0,3.93,0,3,12,49,146.2912087912088
2025-12-05,199.85,10.31,0,7.4,0,4,12,49,146.42857142857144
2025-12-06,237.85,9.75,0,3.33,0,5,12,49,146.56593406593407
2025-12-07,228.67,9.78,0,1.06,0,6,12,49,146.7032967032967
2025-12-08,164.9,10.14,0,1.94,0,0,12,50,146.84065934065933
2025-12-09,157.36,9.6,0,4.31,0,1,12,50,146.97802197802199
2025-12-10,178.13,10.91,0,0.97,0,2,12,50,147.1153846153846
2025-12-11,184.43,10.18,0,3.82,0,3,12,50,147.25274725274727
2025-12-12,192.56,10.2,0,-2.55,0,4,12,50,147.3901098901099
2025-12-13,242.01,10.34,0,1.61,0,5,12,50,147.52747252747253
2025-12-14,222.42,9.71,0,3.31,0,6,12,50,147.66483516483515
2025-12-15,182.07,10.54,0,4.57,0,0,12,51,147.8021978021978
2025-12-16,167.97,10.06,0,0.38,0,1,12,51,147.93956043956044
2025-12-17,170.08,10.48,0,-0.99,0,2,12,51,148.0769230769231
2025-12-18,237.59,8.91,1,1.48,0,3,12,51,148.21428571428572
2025-12-19,211.44,10.66,0,-0.25,0,4,12,51,148.35164835164835
2025-12-20,248.67,10.2,0,1.7,0,5,12,51,148.48901098901098
2025-12-21,233.48,11.09,0,1.99,0,6,12,51,148.62637362637363
2025-12-22,183.77,9.82,0,-0.63,0,0,12,52,148.76373626373626
2025-12-23,180.3,10.1,0,3.62,0,1,12,52,148.90109890109892
2025-12-24,190.46,9.48,0,1.71,0,2,12,52,149.03846153846155
2025-12-25,273.65,8.76,1,4.2,1,3,12,52,149.17582417582418
2025-12-26,246.89,10.31,0,-1.63,1,4,12,52,149.3131868131868
2025-12-27,233.33,10.56,0,0.04,0,5,12,52,149.45054945054946
2025-12-28,224.14,11.48,0,3.13,0,6,12,52,149.5879120879121
2025-12-29,175.89,9.95,0,0.53,0,0,12,1,149.72527472527474
2025-12-30,193.01,9.53,0,1.83,0,1,12,1,149.86263736263737
2025-12-31,229.73,9.34,1,2.19,0,2,12,1,150.0
